"Image Location"|"Image Tag"|"Algorithm Name"|"Start Time"|"Job Id"|"Analysis Region"|"Analysis Inputs"|"TH1 Count"|"ILC1 Count"|"TH1 within 50μm of ILC1"|"% TH1 within 50μm of ILC1"|"Average Distance (μm) to ILC1"|"Number of Unique ILC1"|"Average number of TH1 within 50μm of ILC1"|"TH1 within 0-5μm of ILC1"|"TH1 within 5-10μm of ILC1"|"TH1 within 10-15μm of ILC1"|"TH1 within 15-20μm of ILC1"|"TH1 within 20-25μm of ILC1"|"TH1 within 25-30μm of ILC1"|"TH1 within 30-35μm of ILC1"|"TH1 within 35-40μm of ILC1"|"TH1 within 40-45μm of ILC1"|"TH1 within 45-50μm of ILC1"|"TH2 Count"|"TH2 within 50μm of ILC1"|"% TH2 within 50μm of ILC1"|"Average number of TH2 within 50μm of ILC1"|"TH2 within 0-5μm of ILC1"|"TH2 within 5-10μm of ILC1"|"TH2 within 10-15μm of ILC1"|"TH2 within 15-20μm of ILC1"|"TH2 within 20-25μm of ILC1"|"TH2 within 25-30μm of ILC1"|"TH2 within 30-35μm of ILC1"|"TH2 within 35-40μm of ILC1"|"TH2 within 40-45μm of ILC1"|"TH2 within 45-50μm of ILC1"|"TH17 Count"|"TH17 within 50μm of ILC1"|"% TH17 within 50μm of ILC1"|"Average number of TH17 within 50μm of ILC1"|"TH17 within 0-5μm of ILC1"|"TH17 within 5-10μm of ILC1"|"TH17 within 10-15μm of ILC1"|"TH17 within 15-20μm of ILC1"|"TH17 within 20-25μm of ILC1"|"TH17 within 25-30μm of ILC1"|"TH17 within 30-35μm of ILC1"|"TH17 within 35-40μm of ILC1"|"TH17 within 40-45μm of ILC1"|"TH17 within 45-50μm of ILC1"|"ILC2 Count"|"TH1 within 50μm of ILC2"|"% TH1 within 50μm of ILC2"|"Average Distance (μm) to ILC2"|"Number of Unique ILC2"|"Average number of TH1 within 50μm of ILC2"|"TH1 within 0-5μm of ILC2"|"TH1 within 5-10μm of ILC2"|"TH1 within 10-15μm of ILC2"|"TH1 within 15-20μm of ILC2"|"TH1 within 20-25μm of ILC2"|"TH1 within 25-30μm of ILC2"|"TH1 within 30-35μm of ILC2"|"TH1 within 35-40μm of ILC2"|"TH1 within 40-45μm of ILC2"|"TH1 within 45-50μm of ILC2"|"TH2 within 50μm of ILC2"|"% TH2 within 50μm of ILC2"|"Average number of TH2 within 50μm of ILC2"|"TH2 within 0-5μm of ILC2"|"TH2 within 5-10μm of ILC2"|"TH2 within 10-15μm of ILC2"|"TH2 within 15-20μm of ILC2"|"TH2 within 20-25μm of ILC2"|"TH2 within 25-30μm of ILC2"|"TH2 within 30-35μm of ILC2"|"TH2 within 35-40μm of ILC2"|"TH2 within 40-45μm of ILC2"|"TH2 within 45-50μm of ILC2"|"TH17 within 50μm of ILC2"|"% TH17 within 50μm of ILC2"|"Average number of TH17 within 50μm of ILC2"|"TH17 within 0-5μm of ILC2"|"TH17 within 5-10μm of ILC2"|"TH17 within 10-15μm of ILC2"|"TH17 within 15-20μm of ILC2"|"TH17 within 20-25μm of ILC2"|"TH17 within 25-30μm of ILC2"|"TH17 within 30-35μm of ILC2"|"TH17 within 35-40μm of ILC2"|"TH17 within 40-45μm of ILC2"|"TH17 within 45-50μm of ILC2"|"ILC3 Count"|"TH1 within 50μm of ILC3"|"% TH1 within 50μm of ILC3"|"Average Distance (μm) to ILC3"|"Number of Unique ILC3"|"Average number of TH1 within 50μm of ILC3"|"TH1 within 0-5μm of ILC3"|"TH1 within 5-10μm of ILC3"|"TH1 within 10-15μm of ILC3"|"TH1 within 15-20μm of ILC3"|"TH1 within 20-25μm of ILC3"|"TH1 within 25-30μm of ILC3"|"TH1 within 30-35μm of ILC3"|"TH1 within 35-40μm of ILC3"|"TH1 within 40-45μm of ILC3"|"TH1 within 45-50μm of ILC3"|"TH2 within 50μm of ILC3"|"% TH2 within 50μm of ILC3"|"Average number of TH2 within 50μm of ILC3"|"TH2 within 0-5μm of ILC3"|"TH2 within 5-10μm of ILC3"|"TH2 within 10-15μm of ILC3"|"TH2 within 15-20μm of ILC3"|"TH2 within 20-25μm of ILC3"|"TH2 within 25-30μm of ILC3"|"TH2 within 30-35μm of ILC3"|"TH2 within 35-40μm of ILC3"|"TH2 within 40-45μm of ILC3"|"TH2 within 45-50μm of ILC3"|"TH17 within 50μm of ILC3"|"% TH17 within 50μm of ILC3"|"Average number of TH17 within 50μm of ILC3"|"TH17 within 0-5μm of ILC3"|"TH17 within 5-10μm of ILC3"|"TH17 within 10-15μm of ILC3"|"TH17 within 15-20μm of ILC3"|"TH17 within 20-25μm of ILC3"|"TH17 within 25-30μm of ILC3"|"TH17 within 30-35μm of ILC3"|"TH17 within 35-40μm of ILC3"|"TH17 within 40-45μm of ILC3"|"TH17 within 45-50μm of ILC3"
"\\srvnas01.icr.local\anapath\Imagin_Data\VAN ACKER Nathalie\17-001.ILC1.RunSG\168971_NVA_17-001.ILC1.RunSG_19T043732.02.czi"|"168971_NVA_17-001.ILC1.RunSG_19T043732.02.czi"|"Proximity Analysis ILC1 & TH1"|"22/01/2025 12:51:17"|"99864"|"Layer 1"|"Proximity Analysis ILC1 & TH1:;Population:TH1;Within:50;Population 2:ILC1;Number of Bands:10;Store Object (Pair) Data:False;Generate Markup Image:False"|"173"|"4437"|"143"|"82,66"|"34,32"|"166"|"0,8614458"|"6"|"15"|"8"|"18"|"18"|"26"|"21"|"12"|"10"|"9"||||||||||||||||||||||||||||||||||||||||||||||||||||||||||||||||||||||||||||||||||||||||||||||||||||||||||||||||
"\\srvnas01.icr.local\anapath\Imagin_Data\VAN ACKER Nathalie\17-001.ILC1.RunSG\168971_NVA_17-001.ILC1.RunSG_19T043732.02.czi"|"168971_NVA_17-001.ILC1.RunSG_19T043732.02.czi"|"Proximity Analysis ILC1 & TH2"|"22/01/2025 12:52:27"|"99866"|"Layer 1"|"Proximity Analysis ILC1 & TH2:;Population:TH2;Within:50;Population 2:ILC1;Number of Bands:10;Store Object (Pair) Data:False;Generate Markup Image:False"||"4437"|||"59,83"|"2176"||||||||||||"15281"|"8464"|"55,39"|"3,889706"|"173"|"479"|"772"|"938"|"1024"|"1152"|"1115"|"999"|"941"|"871"||||||||||||||||||||||||||||||||||||||||||||||||||||||||||||||||||||||||||||||||||||||||||||||||||
"\\srvnas01.icr.local\anapath\Imagin_Data\VAN ACKER Nathalie\17-001.ILC1.RunSG\168971_NVA_17-001.ILC1.RunSG_19T043732.02.czi"|"168971_NVA_17-001.ILC1.RunSG_19T043732.02.czi"|"Proximity Analysis ILC1 & TH17"|"22/01/2025 12:53:33"|"99868"|"Layer 1"|"Proximity Analysis ILC1 & TH17:;Population:TH17;Within:50;Population 2:ILC1;Number of Bands:10;Store Object (Pair) Data:False;Generate Markup Image:False"||"4437"|||"63,36"|"541"||||||||||||||||||||||||||"943"|"524"|"55,57"|"0,9685767"|"14"|"31"|"46"|"67"|"58"|"63"|"62"|"68"|"61"|"54"||||||||||||||||||||||||||||||||||||||||||||||||||||||||||||||||||||||||||||||||||||
"\\srvnas01.icr.local\anapath\Imagin_Data\VAN ACKER Nathalie\17-001.ILC1.RunSG\168971_NVA_17-001.ILC1.RunSG_19T043732.02.czi"|"168971_NVA_17-001.ILC1.RunSG_19T043732.02.czi"|"Proximity Analysis ILC2 & TH1"|"22/01/2025 12:54:45"|"99869"|"Layer 1"|"Proximity Analysis ILC2 & TH1:;Population:TH1;Within:50;Population 2:ILC2;Number of Bands:10;Store Object (Pair) Data:False;Generate Markup Image:False"|"173"|||||||||||||||||||||||||||||||||||||||||||||"10832"|"126"|"72,83"|"40,38"|"165"|"0,76363635"|"8"|"14"|"12"|"21"|"17"|"12"|"19"|"6"|"9"|"8"||||||||||||||||||||||||||||||||||||||||||||||||||||||||||||||||||||
"\\srvnas01.icr.local\anapath\Imagin_Data\VAN ACKER Nathalie\17-001.ILC1.RunSG\168971_NVA_17-001.ILC1.RunSG_19T043732.02.czi"|"168971_NVA_17-001.ILC1.RunSG_19T043732.02.czi"|"Proximity Analysis ILC2 & TH2"|"22/01/2025 12:55:56"|"99870"|"Layer 1"|"Proximity Analysis ILC2 & TH2:;Population:TH2;Within:50;Population 2:ILC2;Number of Bands:10;Store Object (Pair) Data:False;Generate Markup Image:False"||||||||||||||||||"15281"||||||||||||||||||||||||||||"10832"|||"17,65"|"6811"||||||||||||"14605"|"95,58"|"2,1443253"|"452"|"5525"|"3234"|"2021"|"1245"|"852"|"529"|"329"|"236"|"182"|||||||||||||||||||||||||||||||||||||||||||||||||||||||
"\\srvnas01.icr.local\anapath\Imagin_Data\VAN ACKER Nathalie\17-001.ILC1.RunSG\168971_NVA_17-001.ILC1.RunSG_19T043732.02.czi"|"168971_NVA_17-001.ILC1.RunSG_19T043732.02.czi"|"Proximity Analysis ILC2 & TH17"|"22/01/2025 12:56:53"|"99872"|"Layer 1"|"Proximity Analysis ILC2 & TH17:;Population:TH17;Within:50;Population 2:ILC2;Number of Bands:10;Store Object (Pair) Data:False;Generate Markup Image:False"||||||||||||||||||||||||||||||||"943"||||||||||||||"10832"|||"25,54"|"812"|||||||||||||||||||||||||"833"|"88,34"|"1,0258621"|"94"|"155"|"140"|"128"|"98"|"72"|"55"|"43"|"28"|"20"||||||||||||||||||||||||||||||||||||||||||
"\\srvnas01.icr.local\anapath\Imagin_Data\VAN ACKER Nathalie\17-001.ILC1.RunSG\168971_NVA_17-001.ILC1.RunSG_19T043732.02.czi"|"168971_NVA_17-001.ILC1.RunSG_19T043732.02.czi"|"Proximity Analysis ILC3 & TH1"|"22/01/2025 12:58:09"|"99875"|"Layer 1"|"Proximity Analysis ILC3 & TH1:;Population:TH1;Within:50;Population 2:ILC3;Number of Bands:10;Store Object (Pair) Data:False;Generate Markup Image:False"|"173"|||||||||||||||||||||||||||||||||||||||||||||||||||||||||||||||||||||||||||||||||||||||"1907"|"65"|"37,57"|"66,19"|"156"|"0,41666666"|"1"|"6"|"6"|"5"|"4"|"6"|"9"|"9"|"10"|"9"||||||||||||||||||||||||||
"\\srvnas01.icr.local\anapath\Imagin_Data\VAN ACKER Nathalie\17-001.ILC1.RunSG\168971_NVA_17-001.ILC1.RunSG_19T043732.02.czi"|"168971_NVA_17-001.ILC1.RunSG_19T043732.02.czi"|"Proximity Analysis ILC3 & TH2"|"22/01/2025 12:59:18"|"99877"|"Layer 1"|"Proximity Analysis ILC3 & TH2:;Population:TH2;Within:50;Population 2:ILC3;Number of Bands:10;Store Object (Pair) Data:False;Generate Markup Image:False"||||||||||||||||||"15281"||||||||||||||||||||||||||||||||||||||||||||||||||||||||||||||||||||||"1907"|||"54,83"|"1519"||||||||||||"8561"|"56,02"|"5,635945"|"181"|"461"|"813"|"960"|"1090"|"1166"|"1039"|"1081"|"915"|"855"|||||||||||||
"\\srvnas01.icr.local\anapath\Imagin_Data\VAN ACKER Nathalie\17-001.ILC1.RunSG\168971_NVA_17-001.ILC1.RunSG_19T043732.02.czi"|"168971_NVA_17-001.ILC1.RunSG_19T043732.02.czi"|"Proximity Analysis ILC3 & TH17"|"22/01/2025 13:02:08"|"99880"|"Layer 1"|"Proximity Analysis ILC3 & TH17:;Population:TH17;Within:50;Population 2:ILC3;Number of Bands:10;Store Object (Pair) Data:False;Generate Markup Image:False"||||||||||||||||||||||||||||||||"943"||||||||||||||||||||||||||||||||||||||||||||||||||||||||"1907"|||"45,5"|"635"|||||||||||||||||||||||||"605"|"64,16"|"0,9527559"|"12"|"94"|"57"|"67"|"78"|"67"|"66"|"51"|"65"|"48"
"\\srvnas01.icr.local\anapath\Imagin_Data\VAN ACKER Nathalie\17-001.ILC1.RunSG\168972_NVA_17-001.ILC1.RunSG_19T057083.01.czi"|"168972_NVA_17-001.ILC1.RunSG_19T057083.01.czi"|"Proximity Analysis ILC1 & TH1"|"22/01/2025 12:56:53"|"99871"|"Layer 1"|"Proximity Analysis ILC1 & TH1:;Population:TH1;Within:50;Population 2:ILC1;Number of Bands:10;Store Object (Pair) Data:False;Generate Markup Image:False"|"27"|"172"|"14"|"51,85"|"60,59"|"20"|"0,7"|"1"|"1"|"1"|"0"|"3"|"1"|"0"|"2"|"3"|"2"||||||||||||||||||||||||||||||||||||||||||||||||||||||||||||||||||||||||||||||||||||||||||||||||||||||||||||||||
"\\srvnas01.icr.local\anapath\Imagin_Data\VAN ACKER Nathalie\17-001.ILC1.RunSG\168972_NVA_17-001.ILC1.RunSG_19T057083.01.czi"|"168972_NVA_17-001.ILC1.RunSG_19T057083.01.czi"|"Proximity Analysis ILC1 & TH2"|"22/01/2025 12:57:13"|"99873"|"Layer 1"|"Proximity Analysis ILC1 & TH2:;Population:TH2;Within:50;Population 2:ILC1;Number of Bands:10;Store Object (Pair) Data:False;Generate Markup Image:False"||"172"|||"183,33"|"152"||||||||||||"2307"|"347"|"15,04"|"2,2828948"|"2"|"12"|"18"|"18"|"33"|"32"|"56"|"39"|"64"|"73"||||||||||||||||||||||||||||||||||||||||||||||||||||||||||||||||||||||||||||||||||||||||||||||||||
"\\srvnas01.icr.local\anapath\Imagin_Data\VAN ACKER Nathalie\17-001.ILC1.RunSG\168972_NVA_17-001.ILC1.RunSG_19T057083.01.czi"|"168972_NVA_17-001.ILC1.RunSG_19T057083.01.czi"|"Proximity Analysis ILC1 & TH17"|"22/01/2025 12:57:46"|"99874"|"Layer 1"|"Proximity Analysis ILC1 & TH17:;Population:TH17;Within:50;Population 2:ILC1;Number of Bands:10;Store Object (Pair) Data:False;Generate Markup Image:False"||"172"|||"182,71"|"153"||||||||||||||||||||||||||"1095"|"179"|"16,35"|"1,1699346"|"4"|"9"|"7"|"10"|"11"|"21"|"22"|"27"|"29"|"39"||||||||||||||||||||||||||||||||||||||||||||||||||||||||||||||||||||||||||||||||||||
"\\srvnas01.icr.local\anapath\Imagin_Data\VAN ACKER Nathalie\17-001.ILC1.RunSG\168972_NVA_17-001.ILC1.RunSG_19T057083.01.czi"|"168972_NVA_17-001.ILC1.RunSG_19T057083.01.czi"|"Proximity Analysis ILC2 & TH1"|"22/01/2025 12:58:50"|"99876"|"Layer 1"|"Proximity Analysis ILC2 & TH1:;Population:TH1;Within:50;Population 2:ILC2;Number of Bands:10;Store Object (Pair) Data:False;Generate Markup Image:False"|"27"|||||||||||||||||||||||||||||||||||||||||||||"203"|"2"|"7,41"|"135,74"|"11"|"0,18181819"|"0"|"0"|"0"|"0"|"1"|"0"|"0"|"0"|"1"|"0"||||||||||||||||||||||||||||||||||||||||||||||||||||||||||||||||||||
"\\srvnas01.icr.local\anapath\Imagin_Data\VAN ACKER Nathalie\17-001.ILC1.RunSG\168972_NVA_17-001.ILC1.RunSG_19T057083.01.czi"|"168972_NVA_17-001.ILC1.RunSG_19T057083.01.czi"|"Proximity Analysis ILC2 & TH2"|"22/01/2025 12:59:33"|"99878"|"Layer 1"|"Proximity Analysis ILC2 & TH2:;Population:TH2;Within:50;Population 2:ILC2;Number of Bands:10;Store Object (Pair) Data:False;Generate Markup Image:False"||||||||||||||||||"2307"||||||||||||||||||||||||||||"203"|||"100,62"|"189"||||||||||||"668"|"28,96"|"3,5343916"|"2"|"71"|"70"|"63"|"58"|"77"|"71"|"81"|"94"|"81"|||||||||||||||||||||||||||||||||||||||||||||||||||||||
"\\srvnas01.icr.local\anapath\Imagin_Data\VAN ACKER Nathalie\17-001.ILC1.RunSG\168972_NVA_17-001.ILC1.RunSG_19T057083.01.czi"|"168972_NVA_17-001.ILC1.RunSG_19T057083.01.czi"|"Proximity Analysis ILC2 & TH17"|"22/01/2025 13:01:40"|"99879"|"Layer 1"|"Proximity Analysis ILC2 & TH17:;Population:TH17;Within:50;Population 2:ILC2;Number of Bands:10;Store Object (Pair) Data:False;Generate Markup Image:False"||||||||||||||||||||||||||||||||"1095"||||||||||||||"203"|||"127,02"|"161"|||||||||||||||||||||||||"219"|"20"|"1,3602484"|"4"|"17"|"15"|"15"|"29"|"29"|"27"|"24"|"29"|"30"||||||||||||||||||||||||||||||||||||||||||
"\\srvnas01.icr.local\anapath\Imagin_Data\VAN ACKER Nathalie\17-001.ILC1.RunSG\168972_NVA_17-001.ILC1.RunSG_19T057083.01.czi"|"168972_NVA_17-001.ILC1.RunSG_19T057083.01.czi"|"Proximity Analysis ILC3 & TH1"|"22/01/2025 13:02:37"|"99881"|"Layer 1"|"Proximity Analysis ILC3 & TH1:;Population:TH1;Within:50;Population 2:ILC3;Number of Bands:10;Store Object (Pair) Data:False;Generate Markup Image:False"|"27"|||||||||||||||||||||||||||||||||||||||||||||||||||||||||||||||||||||||||||||||||||||||"1690"|"21"|"77,78"|"36,22"|"20"|"1,05"|"1"|"3"|"2"|"2"|"4"|"0"|"1"|"2"|"4"|"2"||||||||||||||||||||||||||
"\\srvnas01.icr.local\anapath\Imagin_Data\VAN ACKER Nathalie\17-001.ILC1.RunSG\168972_NVA_17-001.ILC1.RunSG_19T057083.01.czi"|"168972_NVA_17-001.ILC1.RunSG_19T057083.01.czi"|"Proximity Analysis ILC3 & TH2"|"22/01/2025 13:03:41"|"99882"|"Layer 1"|"Proximity Analysis ILC3 & TH2:;Population:TH2;Within:50;Population 2:ILC3;Number of Bands:10;Store Object (Pair) Data:False;Generate Markup Image:False"||||||||||||||||||"2307"||||||||||||||||||||||||||||||||||||||||||||||||||||||||||||||||||||||"1690"|||"37,35"|"746"||||||||||||"1702"|"73,78"|"2,2815013"|"44"|"148"|"201"|"220"|"212"|"229"|"192"|"168"|"160"|"128"|||||||||||||
"\\srvnas01.icr.local\anapath\Imagin_Data\VAN ACKER Nathalie\17-001.ILC1.RunSG\168972_NVA_17-001.ILC1.RunSG_19T057083.01.czi"|"168972_NVA_17-001.ILC1.RunSG_19T057083.01.czi"|"Proximity Analysis ILC3 & TH17"|"22/01/2025 13:04:31"|"99883"|"Layer 1"|"Proximity Analysis ILC3 & TH17:;Population:TH17;Within:50;Population 2:ILC3;Number of Bands:10;Store Object (Pair) Data:False;Generate Markup Image:False"||||||||||||||||||||||||||||||||"1095"||||||||||||||||||||||||||||||||||||||||||||||||||||||||"1690"|||"31,48"|"641"|||||||||||||||||||||||||"885"|"80,82"|"1,3806552"|"20"|"169"|"121"|"117"|"104"|"84"|"88"|"78"|"57"|"47"
"\\srvnas01.icr.local\anapath\Imagin_Data\VAN ACKER Nathalie\17-001.ILC1.RunSG\168973_NVA_17-001.ILC1.RunSG_21T000195.21.czi"|"168973_NVA_17-001.ILC1.RunSG_21T000195.21.czi"|"Proximity Analysis ILC1 & TH1"|"22/01/2025 12:47:10"|"99857"|"Layer 1"|"Proximity Analysis ILC1 & TH1:;Population:TH1;Within:50;Population 2:ILC1;Number of Bands:10;Store Object (Pair) Data:False;Generate Markup Image:False"|"7"|"383"|"4"|"57,14"|"57,43"|"7"|"0,5714286"|"0"|"0"|"0"|"0"|"0"|"0"|"1"|"1"|"0"|"2"||||||||||||||||||||||||||||||||||||||||||||||||||||||||||||||||||||||||||||||||||||||||||||||||||||||||||||||||
"\\srvnas01.icr.local\anapath\Imagin_Data\VAN ACKER Nathalie\17-001.ILC1.RunSG\168973_NVA_17-001.ILC1.RunSG_21T000195.21.czi"|"168973_NVA_17-001.ILC1.RunSG_21T000195.21.czi"|"Proximity Analysis ILC1 & TH2"|"22/01/2025 12:47:40"|"99858"|"Layer 1"|"Proximity Analysis ILC1 & TH2:;Population:TH2;Within:50;Population 2:ILC1;Number of Bands:10;Store Object (Pair) Data:False;Generate Markup Image:False"||"383"|||"86,14"|"311"||||||||||||"2971"|"896"|"30,16"|"2,881029"|"21"|"29"|"59"|"71"|"93"|"101"|"117"|"133"|"124"|"148"||||||||||||||||||||||||||||||||||||||||||||||||||||||||||||||||||||||||||||||||||||||||||||||||||
"\\srvnas01.icr.local\anapath\Imagin_Data\VAN ACKER Nathalie\17-001.ILC1.RunSG\168973_NVA_17-001.ILC1.RunSG_21T000195.21.czi"|"168973_NVA_17-001.ILC1.RunSG_21T000195.21.czi"|"Proximity Analysis ILC1 & TH17"|"22/01/2025 12:48:14"|"99859"|"Layer 1"|"Proximity Analysis ILC1 & TH17:;Population:TH17;Within:50;Population 2:ILC1;Number of Bands:10;Store Object (Pair) Data:False;Generate Markup Image:False"||"383"|||"79,86"|"53"||||||||||||||||||||||||||"69"|"21"|"30,43"|"0,3962264"|"0"|"0"|"1"|"3"|"3"|"5"|"2"|"0"|"3"|"4"||||||||||||||||||||||||||||||||||||||||||||||||||||||||||||||||||||||||||||||||||||
"\\srvnas01.icr.local\anapath\Imagin_Data\VAN ACKER Nathalie\17-001.ILC1.RunSG\168973_NVA_17-001.ILC1.RunSG_21T000195.21.czi"|"168973_NVA_17-001.ILC1.RunSG_21T000195.21.czi"|"Proximity Analysis ILC2 & TH1"|"22/01/2025 12:48:48"|"99860"|"Layer 1"|"Proximity Analysis ILC2 & TH1:;Population:TH1;Within:50;Population 2:ILC2;Number of Bands:10;Store Object (Pair) Data:False;Generate Markup Image:False"|"7"|||||||||||||||||||||||||||||||||||||||||||||"2332"|"6"|"85,71"|"34,72"|"7"|"0,85714287"|"0"|"1"|"0"|"1"|"0"|"1"|"1"|"1"|"0"|"1"||||||||||||||||||||||||||||||||||||||||||||||||||||||||||||||||||||
"\\srvnas01.icr.local\anapath\Imagin_Data\VAN ACKER Nathalie\17-001.ILC1.RunSG\168973_NVA_17-001.ILC1.RunSG_21T000195.21.czi"|"168973_NVA_17-001.ILC1.RunSG_21T000195.21.czi"|"Proximity Analysis ILC2 & TH2"|"22/01/2025 12:49:23"|"99861"|"Layer 1"|"Proximity Analysis ILC2 & TH2:;Population:TH2;Within:50;Population 2:ILC2;Number of Bands:10;Store Object (Pair) Data:False;Generate Markup Image:False"||||||||||||||||||"2971"||||||||||||||||||||||||||||"2332"|||"26,42"|"1313"||||||||||||"2592"|"87,24"|"1,9741051"|"86"|"804"|"423"|"379"|"296"|"186"|"159"|"107"|"84"|"68"|||||||||||||||||||||||||||||||||||||||||||||||||||||||
"\\srvnas01.icr.local\anapath\Imagin_Data\VAN ACKER Nathalie\17-001.ILC1.RunSG\168973_NVA_17-001.ILC1.RunSG_21T000195.21.czi"|"168973_NVA_17-001.ILC1.RunSG_21T000195.21.czi"|"Proximity Analysis ILC2 & TH17"|"22/01/2025 12:49:55"|"99862"|"Layer 1"|"Proximity Analysis ILC2 & TH17:;Population:TH17;Within:50;Population 2:ILC2;Number of Bands:10;Store Object (Pair) Data:False;Generate Markup Image:False"||||||||||||||||||||||||||||||||"69"||||||||||||||"2332"|||"45,01"|"64"|||||||||||||||||||||||||"48"|"69,57"|"0,75"|"7"|"3"|"3"|"6"|"7"|"5"|"7"|"4"|"3"|"3"||||||||||||||||||||||||||||||||||||||||||
"\\srvnas01.icr.local\anapath\Imagin_Data\VAN ACKER Nathalie\17-001.ILC1.RunSG\168973_NVA_17-001.ILC1.RunSG_21T000195.21.czi"|"168973_NVA_17-001.ILC1.RunSG_21T000195.21.czi"|"Proximity Analysis ILC3 & TH1"|"22/01/2025 12:50:56"|"99863"|"Layer 1"|"Proximity Analysis ILC3 & TH1:;Population:TH1;Within:50;Population 2:ILC3;Number of Bands:10;Store Object (Pair) Data:False;Generate Markup Image:False"|"7"|||||||||||||||||||||||||||||||||||||||||||||||||||||||||||||||||||||||||||||||||||||||"342"|"2"|"28,57"|"121,93"|"7"|"0,2857143"|"0"|"0"|"0"|"1"|"1"|"0"|"0"|"0"|"0"|"0"||||||||||||||||||||||||||
"\\srvnas01.icr.local\anapath\Imagin_Data\VAN ACKER Nathalie\17-001.ILC1.RunSG\168973_NVA_17-001.ILC1.RunSG_21T000195.21.czi"|"168973_NVA_17-001.ILC1.RunSG_21T000195.21.czi"|"Proximity Analysis ILC3 & TH2"|"22/01/2025 12:51:47"|"99865"|"Layer 1"|"Proximity Analysis ILC3 & TH2:;Population:TH2;Within:50;Population 2:ILC3;Number of Bands:10;Store Object (Pair) Data:False;Generate Markup Image:False"||||||||||||||||||"2971"||||||||||||||||||||||||||||||||||||||||||||||||||||||||||||||||||||||"342"|||"97,85"|"267"||||||||||||"1011"|"34,03"|"3,786517"|"16"|"58"|"74"|"85"|"104"|"132"|"141"|"132"|"140"|"129"|||||||||||||
"\\srvnas01.icr.local\anapath\Imagin_Data\VAN ACKER Nathalie\17-001.ILC1.RunSG\168973_NVA_17-001.ILC1.RunSG_21T000195.21.czi"|"168973_NVA_17-001.ILC1.RunSG_21T000195.21.czi"|"Proximity Analysis ILC3 & TH17"|"22/01/2025 12:53:02"|"99867"|"Layer 1"|"Proximity Analysis ILC3 & TH17:;Population:TH17;Within:50;Population 2:ILC3;Number of Bands:10;Store Object (Pair) Data:False;Generate Markup Image:False"||||||||||||||||||||||||||||||||"69"||||||||||||||||||||||||||||||||||||||||||||||||||||||||"342"|||"69,83"|"56"|||||||||||||||||||||||||"39"|"56,52"|"0,6964286"|"0"|"4"|"3"|"3"|"7"|"5"|"2"|"6"|"4"|"5"
"\\srvnas01.icr.local\anapath\Imagin_Data\VAN ACKER Nathalie\17-001.ILC1.RunSG\168974_NVA_17-001.ILC1.RunSG_21T000198.09.czi"|"168974_NVA_17-001.ILC1.RunSG_21T000198.09.czi"|"Proximity Analysis ILC1 & TH1"|"22/01/2025 11:56:07"|"99848"|"Layer 1"|"Proximity Analysis ILC1 & TH1:;Population:TH1;Within:50;Population 2:ILC1;Number of Bands:10;Store Object (Pair) Data:False;Generate Markup Image:False"|"490"|"1843"|"250"|"51,02"|"55,28"|"359"|"0,6963788"|"3"|"12"|"17"|"22"|"29"|"39"|"34"|"25"|"41"|"28"||||||||||||||||||||||||||||||||||||||||||||||||||||||||||||||||||||||||||||||||||||||||||||||||||||||||||||||||
"\\srvnas01.icr.local\anapath\Imagin_Data\VAN ACKER Nathalie\17-001.ILC1.RunSG\168974_NVA_17-001.ILC1.RunSG_21T000198.09.czi"|"168974_NVA_17-001.ILC1.RunSG_21T000198.09.czi"|"Proximity Analysis ILC1 & TH2"|"22/01/2025 11:57:13"|"99849"|"Layer 1"|"Proximity Analysis ILC1 & TH2:;Population:TH2;Within:50;Population 2:ILC1;Number of Bands:10;Store Object (Pair) Data:False;Generate Markup Image:False"||"1843"|||"58,69"|"1353"||||||||||||"14380"|"6738"|"46,86"|"4,9800444"|"112"|"301"|"479"|"613"|"782"|"882"|"895"|"888"|"907"|"879"||||||||||||||||||||||||||||||||||||||||||||||||||||||||||||||||||||||||||||||||||||||||||||||||||
"\\srvnas01.icr.local\anapath\Imagin_Data\VAN ACKER Nathalie\17-001.ILC1.RunSG\168974_NVA_17-001.ILC1.RunSG_21T000198.09.czi"|"168974_NVA_17-001.ILC1.RunSG_21T000198.09.czi"|"Proximity Analysis ILC1 & TH17"|"22/01/2025 11:58:04"|"99850"|"Layer 1"|"Proximity Analysis ILC1 & TH17:;Population:TH17;Within:50;Population 2:ILC1;Number of Bands:10;Store Object (Pair) Data:False;Generate Markup Image:False"||"1843"|||"55,37"|"945"||||||||||||||||||||||||||"2841"|"1450"|"51,04"|"1,5343915"|"19"|"60"|"99"|"141"|"144"|"193"|"193"|"222"|"176"|"203"||||||||||||||||||||||||||||||||||||||||||||||||||||||||||||||||||||||||||||||||||||
"\\srvnas01.icr.local\anapath\Imagin_Data\VAN ACKER Nathalie\17-001.ILC1.RunSG\168974_NVA_17-001.ILC1.RunSG_21T000198.09.czi"|"168974_NVA_17-001.ILC1.RunSG_21T000198.09.czi"|"Proximity Analysis ILC2 & TH1"|"22/01/2025 11:58:55"|"99851"|"Layer 1"|"Proximity Analysis ILC2 & TH1:;Population:TH1;Within:50;Population 2:ILC2;Number of Bands:10;Store Object (Pair) Data:False;Generate Markup Image:False"|"490"|||||||||||||||||||||||||||||||||||||||||||||"801"|"128"|"26,12"|"101,79"|"246"|"0,5203252"|"0"|"5"|"12"|"16"|"21"|"16"|"11"|"18"|"15"|"14"||||||||||||||||||||||||||||||||||||||||||||||||||||||||||||||||||||
"\\srvnas01.icr.local\anapath\Imagin_Data\VAN ACKER Nathalie\17-001.ILC1.RunSG\168974_NVA_17-001.ILC1.RunSG_21T000198.09.czi"|"168974_NVA_17-001.ILC1.RunSG_21T000198.09.czi"|"Proximity Analysis ILC2 & TH2"|"22/01/2025 11:59:41"|"99852"|"Layer 1"|"Proximity Analysis ILC2 & TH2:;Population:TH2;Within:50;Population 2:ILC2;Number of Bands:10;Store Object (Pair) Data:False;Generate Markup Image:False"||||||||||||||||||"14380"||||||||||||||||||||||||||||"801"|||"95,81"|"729"||||||||||||"4833"|"33,61"|"6,6296296"|"39"|"501"|"435"|"469"|"512"|"563"|"558"|"593"|"607"|"556"|||||||||||||||||||||||||||||||||||||||||||||||||||||||
"\\srvnas01.icr.local\anapath\Imagin_Data\VAN ACKER Nathalie\17-001.ILC1.RunSG\168974_NVA_17-001.ILC1.RunSG_21T000198.09.czi"|"168974_NVA_17-001.ILC1.RunSG_21T000198.09.czi"|"Proximity Analysis ILC2 & TH17"|"22/01/2025 12:01:17"|"99853"|"Layer 1"|"Proximity Analysis ILC2 & TH17:;Population:TH17;Within:50;Population 2:ILC2;Number of Bands:10;Store Object (Pair) Data:False;Generate Markup Image:False"||||||||||||||||||||||||||||||||"2841"||||||||||||||"801"|||"121,46"|"554"|||||||||||||||||||||||||"855"|"30,1"|"1,5433213"|"13"|"36"|"74"|"82"|"89"|"127"|"115"|"106"|"109"|"104"||||||||||||||||||||||||||||||||||||||||||
"\\srvnas01.icr.local\anapath\Imagin_Data\VAN ACKER Nathalie\17-001.ILC1.RunSG\168974_NVA_17-001.ILC1.RunSG_21T000198.09.czi"|"168974_NVA_17-001.ILC1.RunSG_21T000198.09.czi"|"Proximity Analysis ILC3 & TH1"|"22/01/2025 12:02:21"|"99854"|"Layer 1"|"Proximity Analysis ILC3 & TH1:;Population:TH1;Within:50;Population 2:ILC3;Number of Bands:10;Store Object (Pair) Data:False;Generate Markup Image:False"|"490"|||||||||||||||||||||||||||||||||||||||||||||||||||||||||||||||||||||||||||||||||||||||"1540"|"200"|"40,82"|"67,34"|"315"|"0,63492066"|"3"|"8"|"13"|"18"|"27"|"23"|"27"|"28"|"20"|"33"||||||||||||||||||||||||||
"\\srvnas01.icr.local\anapath\Imagin_Data\VAN ACKER Nathalie\17-001.ILC1.RunSG\168974_NVA_17-001.ILC1.RunSG_21T000198.09.czi"|"168974_NVA_17-001.ILC1.RunSG_21T000198.09.czi"|"Proximity Analysis ILC3 & TH2"|"22/01/2025 12:03:16"|"99855"|"Layer 1"|"Proximity Analysis ILC3 & TH2:;Population:TH2;Within:50;Population 2:ILC3;Number of Bands:10;Store Object (Pair) Data:False;Generate Markup Image:False"||||||||||||||||||"14380"||||||||||||||||||||||||||||||||||||||||||||||||||||||||||||||||||||||"1540"|||"67,44"|"1171"||||||||||||"6372"|"44,31"|"5,441503"|"90"|"269"|"444"|"559"|"743"|"812"|"825"|"924"|"873"|"833"|||||||||||||
"\\srvnas01.icr.local\anapath\Imagin_Data\VAN ACKER Nathalie\17-001.ILC1.RunSG\168974_NVA_17-001.ILC1.RunSG_21T000198.09.czi"|"168974_NVA_17-001.ILC1.RunSG_21T000198.09.czi"|"Proximity Analysis ILC3 & TH17"|"22/01/2025 12:35:51"|"99856"|"Layer 1"|"Proximity Analysis ILC3 & TH17:;Population:TH17;Within:50;Population 2:ILC3;Number of Bands:10;Store Object (Pair) Data:False;Generate Markup Image:False"||||||||||||||||||||||||||||||||"2841"||||||||||||||||||||||||||||||||||||||||||||||||||||||||"1540"|||"49,27"|"1001"|||||||||||||||||||||||||"1710"|"60,19"|"1,7082916"|"22"|"206"|"156"|"160"|"208"|"179"|"219"|"190"|"201"|"169"
"\\srvnas01.icr.local\anapath\Imagin_Data\VAN ACKER Nathalie\17-001.ILC1.RunSG\168975_NVA_17-001.ILC1.RunSG_21T000204.04.czi"|"168975_NVA_17-001.ILC1.RunSG_21T000204.04.czi"|"Proximity Analysis ILC1 & TH1"|"22/01/2025 11:38:03"|"99839"|"Layer 1"|"Proximity Analysis ILC1 & TH1:;Population:TH1;Within:50;Population 2:ILC1;Number of Bands:10;Store Object (Pair) Data:False;Generate Markup Image:False"|"158"|"1695"|"149"|"94,3"|"20,94"|"141"|"1,0567375"|"3"|"39"|"34"|"16"|"26"|"9"|"12"|"9"|"1"|"0"||||||||||||||||||||||||||||||||||||||||||||||||||||||||||||||||||||||||||||||||||||||||||||||||||||||||||||||||
"\\srvnas01.icr.local\anapath\Imagin_Data\VAN ACKER Nathalie\17-001.ILC1.RunSG\168975_NVA_17-001.ILC1.RunSG_21T000204.04.czi"|"168975_NVA_17-001.ILC1.RunSG_21T000204.04.czi"|"Proximity Analysis ILC1 & TH2"|"22/01/2025 11:38:33"|"99840"|"Layer 1"|"Proximity Analysis ILC1 & TH2:;Population:TH2;Within:50;Population 2:ILC1;Number of Bands:10;Store Object (Pair) Data:False;Generate Markup Image:False"||"1695"|||"30,15"|"648"||||||||||||"1804"|"1544"|"85,59"|"2,382716"|"53"|"165"|"226"|"224"|"225"|"180"|"168"|"146"|"84"|"73"||||||||||||||||||||||||||||||||||||||||||||||||||||||||||||||||||||||||||||||||||||||||||||||||||
"\\srvnas01.icr.local\anapath\Imagin_Data\VAN ACKER Nathalie\17-001.ILC1.RunSG\168975_NVA_17-001.ILC1.RunSG_21T000204.04.czi"|"168975_NVA_17-001.ILC1.RunSG_21T000204.04.czi"|"Proximity Analysis ILC1 & TH17"|"22/01/2025 11:41:06"|"99841"|"Layer 1"|"Proximity Analysis ILC1 & TH17:;Population:TH17;Within:50;Population 2:ILC1;Number of Bands:10;Store Object (Pair) Data:False;Generate Markup Image:False"||"1695"|||"35,33"|"375"||||||||||||||||||||||||||"663"|"526"|"79,34"|"1,4026667"|"21"|"45"|"65"|"88"|"72"|"62"|"67"|"54"|"28"|"24"||||||||||||||||||||||||||||||||||||||||||||||||||||||||||||||||||||||||||||||||||||
"\\srvnas01.icr.local\anapath\Imagin_Data\VAN ACKER Nathalie\17-001.ILC1.RunSG\168975_NVA_17-001.ILC1.RunSG_21T000204.04.czi"|"168975_NVA_17-001.ILC1.RunSG_21T000204.04.czi"|"Proximity Analysis ILC2 & TH1"|"22/01/2025 11:42:18"|"99842"|"Layer 1"|"Proximity Analysis ILC2 & TH1:;Population:TH1;Within:50;Population 2:ILC2;Number of Bands:10;Store Object (Pair) Data:False;Generate Markup Image:False"|"158"|||||||||||||||||||||||||||||||||||||||||||||"1692"|"124"|"78,48"|"35,82"|"126"|"0,984127"|"6"|"20"|"15"|"19"|"20"|"15"|"9"|"5"|"11"|"4"||||||||||||||||||||||||||||||||||||||||||||||||||||||||||||||||||||
"\\srvnas01.icr.local\anapath\Imagin_Data\VAN ACKER Nathalie\17-001.ILC1.RunSG\168975_NVA_17-001.ILC1.RunSG_21T000204.04.czi"|"168975_NVA_17-001.ILC1.RunSG_21T000204.04.czi"|"Proximity Analysis ILC2 & TH2"|"22/01/2025 11:43:42"|"99843"|"Layer 1"|"Proximity Analysis ILC2 & TH2:;Population:TH2;Within:50;Population 2:ILC2;Number of Bands:10;Store Object (Pair) Data:False;Generate Markup Image:False"||||||||||||||||||"1804"||||||||||||||||||||||||||||"1692"|||"19,82"|"914"||||||||||||"1704"|"94,46"|"1,8643326"|"53"|"632"|"290"|"214"|"153"|"116"|"111"|"64"|"39"|"32"|||||||||||||||||||||||||||||||||||||||||||||||||||||||
"\\srvnas01.icr.local\anapath\Imagin_Data\VAN ACKER Nathalie\17-001.ILC1.RunSG\168975_NVA_17-001.ILC1.RunSG_21T000204.04.czi"|"168975_NVA_17-001.ILC1.RunSG_21T000204.04.czi"|"Proximity Analysis ILC2 & TH17"|"22/01/2025 11:44:09"|"99844"|"Layer 1"|"Proximity Analysis ILC2 & TH17:;Population:TH17;Within:50;Population 2:ILC2;Number of Bands:10;Store Object (Pair) Data:False;Generate Markup Image:False"||||||||||||||||||||||||||||||||"663"||||||||||||||"1692"|||"38,53"|"386"|||||||||||||||||||||||||"514"|"77,53"|"1,3316063"|"26"|"52"|"58"|"85"|"66"|"58"|"52"|"43"|"29"|"45"||||||||||||||||||||||||||||||||||||||||||
"\\srvnas01.icr.local\anapath\Imagin_Data\VAN ACKER Nathalie\17-001.ILC1.RunSG\168975_NVA_17-001.ILC1.RunSG_21T000204.04.czi"|"168975_NVA_17-001.ILC1.RunSG_21T000204.04.czi"|"Proximity Analysis ILC3 & TH1"|"22/01/2025 11:44:44"|"99845"|"Layer 1"|"Proximity Analysis ILC3 & TH1:;Population:TH1;Within:50;Population 2:ILC3;Number of Bands:10;Store Object (Pair) Data:False;Generate Markup Image:False"|"158"|||||||||||||||||||||||||||||||||||||||||||||||||||||||||||||||||||||||||||||||||||||||"1084"|"120"|"75,95"|"41,95"|"113"|"1,0619469"|"5"|"8"|"14"|"18"|"10"|"12"|"18"|"12"|"14"|"9"||||||||||||||||||||||||||
"\\srvnas01.icr.local\anapath\Imagin_Data\VAN ACKER Nathalie\17-001.ILC1.RunSG\168975_NVA_17-001.ILC1.RunSG_21T000204.04.czi"|"168975_NVA_17-001.ILC1.RunSG_21T000204.04.czi"|"Proximity Analysis ILC3 & TH2"|"22/01/2025 11:45:11"|"99846"|"Layer 1"|"Proximity Analysis ILC3 & TH2:;Population:TH2;Within:50;Population 2:ILC3;Number of Bands:10;Store Object (Pair) Data:False;Generate Markup Image:False"||||||||||||||||||"1804"||||||||||||||||||||||||||||||||||||||||||||||||||||||||||||||||||||||"1084"|||"41,4"|"502"||||||||||||"1377"|"76,33"|"2,743028"|"31"|"103"|"136"|"184"|"181"|"178"|"170"|"149"|"127"|"118"|||||||||||||
"\\srvnas01.icr.local\anapath\Imagin_Data\VAN ACKER Nathalie\17-001.ILC1.RunSG\168975_NVA_17-001.ILC1.RunSG_21T000204.04.czi"|"168975_NVA_17-001.ILC1.RunSG_21T000204.04.czi"|"Proximity Analysis ILC3 & TH17"|"22/01/2025 11:45:58"|"99847"|"Layer 1"|"Proximity Analysis ILC3 & TH17:;Population:TH17;Within:50;Population 2:ILC3;Number of Bands:10;Store Object (Pair) Data:False;Generate Markup Image:False"||||||||||||||||||||||||||||||||"663"||||||||||||||||||||||||||||||||||||||||||||||||||||||||"1084"|||"27,22"|"430"|||||||||||||||||||||||||"569"|"85,82"|"1,3232558"|"23"|"125"|"81"|"81"|"65"|"55"|"58"|"36"|"26"|"19"
"\\srvnas01.icr.local\anapath\Imagin_Data\VAN ACKER Nathalie\17-001.ILC1.RunSG\168976_NVA_17-001.ILC1.RunSG_21T000239.07.czi"|"168976_NVA_17-001.ILC1.RunSG_21T000239.07.czi"|"Proximity Analysis ILC1 & TH1"|"21/01/2025 20:00:58"|"99830"|"Layer 1"|"Proximity Analysis ILC1 & TH1:;Population:TH1;Within:50;Population 2:ILC1;Number of Bands:10;Store Object (Pair) Data:False;Generate Markup Image:False"|"18"|"2262"|"13"|"72,22"|"36,01"|"17"|"0,7647059"|"0"|"2"|"0"|"2"|"3"|"2"|"1"|"0"|"2"|"1"||||||||||||||||||||||||||||||||||||||||||||||||||||||||||||||||||||||||||||||||||||||||||||||||||||||||||||||||
"\\srvnas01.icr.local\anapath\Imagin_Data\VAN ACKER Nathalie\17-001.ILC1.RunSG\168976_NVA_17-001.ILC1.RunSG_21T000239.07.czi"|"168976_NVA_17-001.ILC1.RunSG_21T000239.07.czi"|"Proximity Analysis ILC1 & TH2"|"21/01/2025 20:04:18"|"99831"|"Layer 1"|"Proximity Analysis ILC1 & TH2:;Population:TH2;Within:50;Population 2:ILC1;Number of Bands:10;Store Object (Pair) Data:False;Generate Markup Image:False"||"2262"|||"55,99"|"1089"||||||||||||"5817"|"3186"|"54,77"|"2,9256198"|"65"|"179"|"264"|"323"|"393"|"409"|"382"|"413"|"398"|"360"||||||||||||||||||||||||||||||||||||||||||||||||||||||||||||||||||||||||||||||||||||||||||||||||||
"\\srvnas01.icr.local\anapath\Imagin_Data\VAN ACKER Nathalie\17-001.ILC1.RunSG\168976_NVA_17-001.ILC1.RunSG_21T000239.07.czi"|"168976_NVA_17-001.ILC1.RunSG_21T000239.07.czi"|"Proximity Analysis ILC1 & TH17"|"21/01/2025 20:16:44"|"99832"|"Layer 1"|"Proximity Analysis ILC1 & TH17:;Population:TH17;Within:50;Population 2:ILC1;Number of Bands:10;Store Object (Pair) Data:False;Generate Markup Image:False"||"2262"|||"51,54"|"509"||||||||||||||||||||||||||"1230"|"700"|"56,91"|"1,3752456"|"9"|"35"|"68"|"69"|"89"|"101"|"78"|"95"|"79"|"77"||||||||||||||||||||||||||||||||||||||||||||||||||||||||||||||||||||||||||||||||||||
"\\srvnas01.icr.local\anapath\Imagin_Data\VAN ACKER Nathalie\17-001.ILC1.RunSG\168976_NVA_17-001.ILC1.RunSG_21T000239.07.czi"|"168976_NVA_17-001.ILC1.RunSG_21T000239.07.czi"|"Proximity Analysis ILC2 & TH1"|"21/01/2025 20:22:53"|"99833"|"Layer 1"|"Proximity Analysis ILC2 & TH1:;Population:TH1;Within:50;Population 2:ILC2;Number of Bands:10;Store Object (Pair) Data:False;Generate Markup Image:False"|"18"|||||||||||||||||||||||||||||||||||||||||||||"2947"|"9"|"50"|"117,96"|"15"|"0,6"|"0"|"3"|"0"|"0"|"1"|"2"|"2"|"1"|"0"|"0"||||||||||||||||||||||||||||||||||||||||||||||||||||||||||||||||||||
"\\srvnas01.icr.local\anapath\Imagin_Data\VAN ACKER Nathalie\17-001.ILC1.RunSG\168976_NVA_17-001.ILC1.RunSG_21T000239.07.czi"|"168976_NVA_17-001.ILC1.RunSG_21T000239.07.czi"|"Proximity Analysis ILC2 & TH2"|"21/01/2025 20:28:30"|"99834"|"Layer 1"|"Proximity Analysis ILC2 & TH2:;Population:TH2;Within:50;Population 2:ILC2;Number of Bands:10;Store Object (Pair) Data:False;Generate Markup Image:False"||||||||||||||||||"5817"||||||||||||||||||||||||||||"2947"|||"38,32"|"1856"||||||||||||"4466"|"76,77"|"2,40625"|"79"|"1285"|"729"|"552"|"480"|"372"|"328"|"262"|"222"|"157"|||||||||||||||||||||||||||||||||||||||||||||||||||||||
"\\srvnas01.icr.local\anapath\Imagin_Data\VAN ACKER Nathalie\17-001.ILC1.RunSG\168976_NVA_17-001.ILC1.RunSG_21T000239.07.czi"|"168976_NVA_17-001.ILC1.RunSG_21T000239.07.czi"|"Proximity Analysis ILC2 & TH17"|"21/01/2025 20:35:03"|"99835"|"Layer 1"|"Proximity Analysis ILC2 & TH17:;Population:TH17;Within:50;Population 2:ILC2;Number of Bands:10;Store Object (Pair) Data:False;Generate Markup Image:False"||||||||||||||||||||||||||||||||"1230"||||||||||||||"2947"|||"110,56"|"319"|||||||||||||||||||||||||"418"|"33,98"|"1,3103448"|"8"|"35"|"34"|"40"|"50"|"53"|"54"|"46"|"55"|"43"||||||||||||||||||||||||||||||||||||||||||
"\\srvnas01.icr.local\anapath\Imagin_Data\VAN ACKER Nathalie\17-001.ILC1.RunSG\168976_NVA_17-001.ILC1.RunSG_21T000239.07.czi"|"168976_NVA_17-001.ILC1.RunSG_21T000239.07.czi"|"Proximity Analysis ILC3 & TH1"|"21/01/2025 20:36:19"|"99836"|"Layer 1"|"Proximity Analysis ILC3 & TH1:;Population:TH1;Within:50;Population 2:ILC3;Number of Bands:10;Store Object (Pair) Data:False;Generate Markup Image:False"|"18"|||||||||||||||||||||||||||||||||||||||||||||||||||||||||||||||||||||||||||||||||||||||"1947"|"11"|"61,11"|"81,42"|"17"|"0,64705884"|"1"|"0"|"0"|"2"|"2"|"2"|"1"|"2"|"0"|"1"||||||||||||||||||||||||||
"\\srvnas01.icr.local\anapath\Imagin_Data\VAN ACKER Nathalie\17-001.ILC1.RunSG\168976_NVA_17-001.ILC1.RunSG_21T000239.07.czi"|"168976_NVA_17-001.ILC1.RunSG_21T000239.07.czi"|"Proximity Analysis ILC3 & TH2"|"21/01/2025 20:37:22"|"99837"|"Layer 1"|"Proximity Analysis ILC3 & TH2:;Population:TH2;Within:50;Population 2:ILC3;Number of Bands:10;Store Object (Pair) Data:False;Generate Markup Image:False"||||||||||||||||||"5817"||||||||||||||||||||||||||||||||||||||||||||||||||||||||||||||||||||||"1947"|||"76,38"|"778"||||||||||||"2207"|"37,94"|"2,836761"|"33"|"95"|"147"|"227"|"242"|"268"|"275"|"304"|"305"|"311"|||||||||||||
"\\srvnas01.icr.local\anapath\Imagin_Data\VAN ACKER Nathalie\17-001.ILC1.RunSG\168976_NVA_17-001.ILC1.RunSG_21T000239.07.czi"|"168976_NVA_17-001.ILC1.RunSG_21T000239.07.czi"|"Proximity Analysis ILC3 & TH17"|"21/01/2025 20:38:32"|"99838"|"Layer 1"|"Proximity Analysis ILC3 & TH17:;Population:TH17;Within:50;Population 2:ILC3;Number of Bands:10;Store Object (Pair) Data:False;Generate Markup Image:False"||||||||||||||||||||||||||||||||"1230"||||||||||||||||||||||||||||||||||||||||||||||||||||||||"1947"|||"43,01"|"633"|||||||||||||||||||||||||"845"|"68,7"|"1,3349131"|"15"|"150"|"98"|"104"|"119"|"91"|"80"|"67"|"75"|"46"
"\\srvnas01.icr.local\anapath\Imagin_Data\VAN ACKER Nathalie\17-001.ILC1.RunSG\168977_NVA_17-001.ILC1.RunSG_21T000410.06.czi"|"168977_NVA_17-001.ILC1.RunSG_21T000410.06.czi"|"Proximity Analysis ILC1 & TH1"|"21/01/2025 19:15:04"|"99821"|"Layer 1"|"Proximity Analysis ILC1 & TH1:;Population:TH1;Within:50;Population 2:ILC1;Number of Bands:10;Store Object (Pair) Data:False;Generate Markup Image:False"|"76"|"3490"|"63"|"82,89"|"32,41"|"75"|"0,84"|"4"|"11"|"8"|"10"|"8"|"6"|"6"|"3"|"4"|"3"||||||||||||||||||||||||||||||||||||||||||||||||||||||||||||||||||||||||||||||||||||||||||||||||||||||||||||||||
"\\srvnas01.icr.local\anapath\Imagin_Data\VAN ACKER Nathalie\17-001.ILC1.RunSG\168977_NVA_17-001.ILC1.RunSG_21T000410.06.czi"|"168977_NVA_17-001.ILC1.RunSG_21T000410.06.czi"|"Proximity Analysis ILC1 & TH2"|"21/01/2025 19:20:03"|"99822"|"Layer 1"|"Proximity Analysis ILC1 & TH2:;Population:TH2;Within:50;Population 2:ILC1;Number of Bands:10;Store Object (Pair) Data:False;Generate Markup Image:False"||"3490"|||"41,88"|"2733"||||||||||||"16270"|"11506"|"70,72"|"4,210026"|"269"|"825"|"1170"|"1428"|"1546"|"1511"|"1398"|"1274"|"1122"|"963"||||||||||||||||||||||||||||||||||||||||||||||||||||||||||||||||||||||||||||||||||||||||||||||||||
"\\srvnas01.icr.local\anapath\Imagin_Data\VAN ACKER Nathalie\17-001.ILC1.RunSG\168977_NVA_17-001.ILC1.RunSG_21T000410.06.czi"|"168977_NVA_17-001.ILC1.RunSG_21T000410.06.czi"|"Proximity Analysis ILC1 & TH17"|"21/01/2025 19:21:19"|"99823"|"Layer 1"|"Proximity Analysis ILC1 & TH17:;Population:TH17;Within:50;Population 2:ILC1;Number of Bands:10;Store Object (Pair) Data:False;Generate Markup Image:False"||"3490"|||"37,59"|"161"||||||||||||||||||||||||||"184"|"136"|"73,91"|"0,8447205"|"4"|"20"|"17"|"18"|"16"|"22"|"13"|"9"|"9"|"8"||||||||||||||||||||||||||||||||||||||||||||||||||||||||||||||||||||||||||||||||||||
"\\srvnas01.icr.local\anapath\Imagin_Data\VAN ACKER Nathalie\17-001.ILC1.RunSG\168977_NVA_17-001.ILC1.RunSG_21T000410.06.czi"|"168977_NVA_17-001.ILC1.RunSG_21T000410.06.czi"|"Proximity Analysis ILC2 & TH1"|"21/01/2025 19:22:23"|"99824"|"Layer 1"|"Proximity Analysis ILC2 & TH1:;Population:TH1;Within:50;Population 2:ILC2;Number of Bands:10;Store Object (Pair) Data:False;Generate Markup Image:False"|"76"|||||||||||||||||||||||||||||||||||||||||||||"15341"|"71"|"93,42"|"22,25"|"76"|"0,93421054"|"9"|"13"|"14"|"13"|"7"|"5"|"6"|"1"|"2"|"1"||||||||||||||||||||||||||||||||||||||||||||||||||||||||||||||||||||
"\\srvnas01.icr.local\anapath\Imagin_Data\VAN ACKER Nathalie\17-001.ILC1.RunSG\168977_NVA_17-001.ILC1.RunSG_21T000410.06.czi"|"168977_NVA_17-001.ILC1.RunSG_21T000410.06.czi"|"Proximity Analysis ILC2 & TH2"|"21/01/2025 19:34:06"|"99825"|"Layer 1"|"Proximity Analysis ILC2 & TH2:;Population:TH2;Within:50;Population 2:ILC2;Number of Bands:10;Store Object (Pair) Data:False;Generate Markup Image:False"||||||||||||||||||"16270"||||||||||||||||||||||||||||"15341"|||"16,87"|"8298"||||||||||||"15549"|"95,57"|"1,8738251"|"665"|"7131"|"3156"|"1764"|"1097"|"679"|"432"|"272"|"201"|"152"|||||||||||||||||||||||||||||||||||||||||||||||||||||||
"\\srvnas01.icr.local\anapath\Imagin_Data\VAN ACKER Nathalie\17-001.ILC1.RunSG\168977_NVA_17-001.ILC1.RunSG_21T000410.06.czi"|"168977_NVA_17-001.ILC1.RunSG_21T000410.06.czi"|"Proximity Analysis ILC2 & TH17"|"21/01/2025 19:35:54"|"99826"|"Layer 1"|"Proximity Analysis ILC2 & TH17:;Population:TH17;Within:50;Population 2:ILC2;Number of Bands:10;Store Object (Pair) Data:False;Generate Markup Image:False"||||||||||||||||||||||||||||||||"184"||||||||||||||"15341"|||"23,43"|"167"|||||||||||||||||||||||||"172"|"93,48"|"1,0299401"|"19"|"38"|"32"|"30"|"15"|"12"|"14"|"5"|"2"|"5"||||||||||||||||||||||||||||||||||||||||||
"\\srvnas01.icr.local\anapath\Imagin_Data\VAN ACKER Nathalie\17-001.ILC1.RunSG\168977_NVA_17-001.ILC1.RunSG_21T000410.06.czi"|"168977_NVA_17-001.ILC1.RunSG_21T000410.06.czi"|"Proximity Analysis ILC3 & TH1"|"21/01/2025 19:37:12"|"99827"|"Layer 1"|"Proximity Analysis ILC3 & TH1:;Population:TH1;Within:50;Population 2:ILC3;Number of Bands:10;Store Object (Pair) Data:False;Generate Markup Image:False"|"76"|||||||||||||||||||||||||||||||||||||||||||||||||||||||||||||||||||||||||||||||||||||||"1194"|"33"|"43,42"|"70,87"|"67"|"0,49253732"|"1"|"1"|"3"|"2"|"6"|"4"|"5"|"4"|"3"|"4"||||||||||||||||||||||||||
"\\srvnas01.icr.local\anapath\Imagin_Data\VAN ACKER Nathalie\17-001.ILC1.RunSG\168977_NVA_17-001.ILC1.RunSG_21T000410.06.czi"|"168977_NVA_17-001.ILC1.RunSG_21T000410.06.czi"|"Proximity Analysis ILC3 & TH2"|"21/01/2025 19:44:44"|"99828"|"Layer 1"|"Proximity Analysis ILC3 & TH2:;Population:TH2;Within:50;Population 2:ILC3;Number of Bands:10;Store Object (Pair) Data:False;Generate Markup Image:False"||||||||||||||||||"16270"||||||||||||||||||||||||||||||||||||||||||||||||||||||||||||||||||||||"1194"|||"93,98"|"987"||||||||||||"4820"|"29,63"|"4,8834853"|"79"|"230"|"352"|"472"|"524"|"584"|"651"|"643"|"682"|"603"|||||||||||||
"\\srvnas01.icr.local\anapath\Imagin_Data\VAN ACKER Nathalie\17-001.ILC1.RunSG\168977_NVA_17-001.ILC1.RunSG_21T000410.06.czi"|"168977_NVA_17-001.ILC1.RunSG_21T000410.06.czi"|"Proximity Analysis ILC3 & TH17"|"21/01/2025 19:45:56"|"99829"|"Layer 1"|"Proximity Analysis ILC3 & TH17:;Population:TH17;Within:50;Population 2:ILC3;Number of Bands:10;Store Object (Pair) Data:False;Generate Markup Image:False"||||||||||||||||||||||||||||||||"184"||||||||||||||||||||||||||||||||||||||||||||||||||||||||"1194"|||"47,71"|"157"|||||||||||||||||||||||||"119"|"64,67"|"0,7579618"|"10"|"25"|"11"|"14"|"10"|"9"|"13"|"12"|"10"|"5"
"\\srvnas01.icr.local\anapath\Imagin_Data\VAN ACKER Nathalie\17-001.ILC1.RunSG\168978_NVA_17-001.ILC1.RunSG_21T000411.10.czi"|"168978_NVA_17-001.ILC1.RunSG_21T000411.10.czi"|"Proximity Analysis ILC1 & TH1"|"21/01/2025 18:32:58"|"99809"|"Layer 1"|"Proximity Analysis ILC1 & TH1:;Population:TH1;Within:50;Population 2:ILC1;Number of Bands:10;Store Object (Pair) Data:False;Generate Markup Image:False"|"183"|"1017"|"73"|"39,89"|"70,83"|"157"|"0,46496814"|"1"|"6"|"9"|"11"|"6"|"5"|"10"|"14"|"1"|"10"||||||||||||||||||||||||||||||||||||||||||||||||||||||||||||||||||||||||||||||||||||||||||||||||||||||||||||||||
"\\srvnas01.icr.local\anapath\Imagin_Data\VAN ACKER Nathalie\17-001.ILC1.RunSG\168978_NVA_17-001.ILC1.RunSG_21T000411.10.czi"|"168978_NVA_17-001.ILC1.RunSG_21T000411.10.czi"|"Proximity Analysis ILC1 & TH2"|"21/01/2025 18:33:40"|"99811"|"Layer 1"|"Proximity Analysis ILC1 & TH2:;Population:TH2;Within:50;Population 2:ILC1;Number of Bands:10;Store Object (Pair) Data:False;Generate Markup Image:False"||"1017"|||"95,55"|"933"||||||||||||"36656"|"8087"|"22,06"|"8,667739"|"105"|"307"|"487"|"630"|"816"|"915"|"1073"|"1187"|"1272"|"1295"||||||||||||||||||||||||||||||||||||||||||||||||||||||||||||||||||||||||||||||||||||||||||||||||||
"\\srvnas01.icr.local\anapath\Imagin_Data\VAN ACKER Nathalie\17-001.ILC1.RunSG\168978_NVA_17-001.ILC1.RunSG_21T000411.10.czi"|"168978_NVA_17-001.ILC1.RunSG_21T000411.10.czi"|"Proximity Analysis ILC1 & TH17"|"21/01/2025 18:34:42"|"99813"|"Layer 1"|"Proximity Analysis ILC1 & TH17:;Population:TH17;Within:50;Population 2:ILC1;Number of Bands:10;Store Object (Pair) Data:False;Generate Markup Image:False"||"1017"|||"90,16"|"518"||||||||||||||||||||||||||"1226"|"330"|"26,92"|"0,63706565"|"5"|"14"|"29"|"28"|"33"|"35"|"43"|"48"|"41"|"54"||||||||||||||||||||||||||||||||||||||||||||||||||||||||||||||||||||||||||||||||||||
"\\srvnas01.icr.local\anapath\Imagin_Data\VAN ACKER Nathalie\17-001.ILC1.RunSG\168978_NVA_17-001.ILC1.RunSG_21T000411.10.czi"|"168978_NVA_17-001.ILC1.RunSG_21T000411.10.czi"|"Proximity Analysis ILC2 & TH1"|"21/01/2025 18:35:42"|"99814"|"Layer 1"|"Proximity Analysis ILC2 & TH1:;Population:TH1;Within:50;Population 2:ILC2;Number of Bands:10;Store Object (Pair) Data:False;Generate Markup Image:False"|"183"|||||||||||||||||||||||||||||||||||||||||||||"1745"|"61"|"33,33"|"80,29"|"142"|"0,42957747"|"1"|"4"|"2"|"5"|"8"|"5"|"11"|"11"|"10"|"4"||||||||||||||||||||||||||||||||||||||||||||||||||||||||||||||||||||
"\\srvnas01.icr.local\anapath\Imagin_Data\VAN ACKER Nathalie\17-001.ILC1.RunSG\168978_NVA_17-001.ILC1.RunSG_21T000411.10.czi"|"168978_NVA_17-001.ILC1.RunSG_21T000411.10.czi"|"Proximity Analysis ILC2 & TH2"|"21/01/2025 18:36:53"|"99816"|"Layer 1"|"Proximity Analysis ILC2 & TH2:;Population:TH2;Within:50;Population 2:ILC2;Number of Bands:10;Store Object (Pair) Data:False;Generate Markup Image:False"||||||||||||||||||"36656"||||||||||||||||||||||||||||"1745"|||"57,31"|"1705"||||||||||||"20281"|"55,33"|"11,895015"|"148"|"2085"|"2089"|"2252"|"2355"|"2372"|"2449"|"2314"|"2209"|"2008"|||||||||||||||||||||||||||||||||||||||||||||||||||||||
"\\srvnas01.icr.local\anapath\Imagin_Data\VAN ACKER Nathalie\17-001.ILC1.RunSG\168978_NVA_17-001.ILC1.RunSG_21T000411.10.czi"|"168978_NVA_17-001.ILC1.RunSG_21T000411.10.czi"|"Proximity Analysis ILC2 & TH17"|"21/01/2025 18:37:42"|"99817"|"Layer 1"|"Proximity Analysis ILC2 & TH17:;Population:TH17;Within:50;Population 2:ILC2;Number of Bands:10;Store Object (Pair) Data:False;Generate Markup Image:False"||||||||||||||||||||||||||||||||"1226"||||||||||||||"1745"|||"83,38"|"546"|||||||||||||||||||||||||"428"|"34,91"|"0,7838828"|"6"|"25"|"21"|"55"|"40"|"47"|"54"|"62"|"61"|"57"||||||||||||||||||||||||||||||||||||||||||
"\\srvnas01.icr.local\anapath\Imagin_Data\VAN ACKER Nathalie\17-001.ILC1.RunSG\168978_NVA_17-001.ILC1.RunSG_21T000411.10.czi"|"168978_NVA_17-001.ILC1.RunSG_21T000411.10.czi"|"Proximity Analysis ILC3 & TH1"|"21/01/2025 18:38:51"|"99818"|"Layer 1"|"Proximity Analysis ILC3 & TH1:;Population:TH1;Within:50;Population 2:ILC3;Number of Bands:10;Store Object (Pair) Data:False;Generate Markup Image:False"|"183"|||||||||||||||||||||||||||||||||||||||||||||||||||||||||||||||||||||||||||||||||||||||"986"|"61"|"33,33"|"81,45"|"149"|"0,40939596"|"0"|"5"|"3"|"3"|"6"|"4"|"10"|"14"|"7"|"9"||||||||||||||||||||||||||
"\\srvnas01.icr.local\anapath\Imagin_Data\VAN ACKER Nathalie\17-001.ILC1.RunSG\168978_NVA_17-001.ILC1.RunSG_21T000411.10.czi"|"168978_NVA_17-001.ILC1.RunSG_21T000411.10.czi"|"Proximity Analysis ILC3 & TH2"|"21/01/2025 18:39:48"|"99819"|"Layer 1"|"Proximity Analysis ILC3 & TH2:;Population:TH2;Within:50;Population 2:ILC3;Number of Bands:10;Store Object (Pair) Data:False;Generate Markup Image:False"||||||||||||||||||"36656"||||||||||||||||||||||||||||||||||||||||||||||||||||||||||||||||||||||"986"|||"102,95"|"884"||||||||||||"7394"|"20,17"|"8,364253"|"100"|"279"|"413"|"648"|"740"|"912"|"996"|"1044"|"1111"|"1151"|||||||||||||
"\\srvnas01.icr.local\anapath\Imagin_Data\VAN ACKER Nathalie\17-001.ILC1.RunSG\168978_NVA_17-001.ILC1.RunSG_21T000411.10.czi"|"168978_NVA_17-001.ILC1.RunSG_21T000411.10.czi"|"Proximity Analysis ILC3 & TH17"|"21/01/2025 18:40:43"|"99820"|"Layer 1"|"Proximity Analysis ILC3 & TH17:;Population:TH17;Within:50;Population 2:ILC3;Number of Bands:10;Store Object (Pair) Data:False;Generate Markup Image:False"||||||||||||||||||||||||||||||||"1226"||||||||||||||||||||||||||||||||||||||||||||||||||||||||"986"|||"69,83"|"548"|||||||||||||||||||||||||"517"|"42,17"|"0,94343066"|"13"|"121"|"34"|"40"|"46"|"44"|"57"|"49"|"65"|"48"
